,u,v,source,target,isOutlier,weight,alpha
0,0,4,0,0,1,20.0,0.8752136346076239
1,0,5,1,0,1,10.0,1.6872532608162782
2,0,6,2,0,1,10.0,1.052746431933196
3,4,1,0,1,0,40.0,-0.6621742778169375
4,5,1,1,1,1,31.0,0.3665936983735835
5,5,2,1,2,0,81.0,-1.6784919019872235
6,6,1,2,1,0,30.0,-0.8101951296130634
7,6,2,2,2,0,41.0,-1.4340961030715014
8,6,3,2,3,1,10.0,1.052746431933196
9,1,7,3,1,1,10.0,-0.14986534839171603
10,7,2,3,2,1,10.0,-0.14986534839171603
11,7,3,3,3,1,10.0,-0.14986534839171603
