,u,v,source,target,isOutlier,weight,alpha
0,0,3,0,0,0,26.0,-0.4910206028270947
1,0,4,1,0,1,8.0,0.9226159038380318
2,0,6,3,0,0,30.0,-1.0525135187054013
3,3,1,0,1,1,23.0,-0.2693185152822
4,3,2,0,2,1,14.0,0.49940109410886036
5,4,1,1,1,0,29.0,-1.059751215721472
6,4,2,1,2,1,15.0,0.12380271211699427
7,6,1,3,1,1,19.0,-0.20456017355946465
8,6,2,3,2,1,5.0,1.331736250956961
9,1,5,2,1,1,2.0,1.758760374905117
10,5,2,2,2,0,29.0,-1.5591523098303322
