,u,v,source,target,isOutlier,weight,alpha
0,0,3,0,0,1,6.0,1.2349791663448142
1,0,4,1,0,1,4.0,1.444052505847668
2,0,5,2,0,0,30.0,-1.1097937092193595
3,0,7,4,0,1,24.0,-0.7477586250066972
4,3,1,0,1,1,19.0,-0.7635159906677579
5,4,1,1,1,0,22.0,-0.860366140584521
6,4,2,1,2,1,15.0,-0.1405235580682618
7,1,6,3,1,1,30.0,0.41059991407712815
8,1,8,5,1,1,2.0,1.6450549995241248
9,6,2,3,2,1,36.0,0.060863261599928165
10,8,2,5,2,0,13.0,-1.1735918238470682
